<?xml version="1.0" encoding="UTF-8"?>
<project-private xmlns="http://www.netbeans.org/ns/project-private/1">
    <editor-bookmarks xmlns="http://www.netbeans.org/ns/editor-bookmarks/2" lastBookmarkId="0"/>
    <open-files xmlns="http://www.netbeans.org/ns/projectui-open-files/2">
        <group>
            <file>file:/C:/Program%20Files/netbeans%20okul/ailemziraat/src/ailemziraat/GenelBilgiler.java</file>
            <file>file:/C:/Program%20Files/netbeans%20okul/ailemziraat/src/ailemziraat/Risk_bilgiler.java</file>
            <file>file:/C:/Program%20Files/netbeans%20okul/ailemziraat/src/ailemziraat/Ailemziraat.java</file>
            <file>file:/C:/Program%20Files/netbeans%20okul/ailemziraat/src/ailemziraat/Ödeme.java</file>
        </group>
    </open-files>
</project-private>
